{
  " ": {
    " ": -3.2910323142855837,
    "!": -8.426830751335846,
    "$": -8.426830751335846,
    "\u0026": -8.426830751335846,
    "'": -5.4823917721694055,
    "(": -8.426830751335846,
    ")": -8.426830751335846,
    "+": -8.426830751335846,
    ",": -8.426830751335846,
    "-": -8.426830751335846,
    ".": -8.426830751335846,
    "/": -8.426830751335846,
    "0": -8.426830751335846,
    "1": -8.426830751335846,
    "2": -8.426830751335846,
    "3": -8.426830751335846,
    "4": -8.426830751335846,
    "5": -8.426830751335846,
    "6": -8.426830751335846,
    "7": -7.7336835707759,
    "8": -7.7336835707759,
    "9": -8.426830751335846,
    ":": -8.426830751335846,
    ";": -8.426830751335846,
    "=": -8.426830751335846,
    "?": -8.426830751335846,
    "@": -8.426830751335846,
    "A": -2.1865549061650764,
    "B": -3.0062957520635596,
    "C": -3.383405634416599,
    "D": -3.574800487416229,
    "E": -4.192724246738586,
    "F": -3.485188328726542,
    "G": -3.5516334281346946,
    "H": -2.658509755542074,
    "I": -2.6838275635263633,
    "J": -5.718780550233635,
    "K": -4.22213813194488,
    "L": -3.717300550023512,
    "M": -2.6216957824193576,
    "N": -4.136371310187455,
    "O": -3.1903887885058966,
    "P": -3.9050421742868053,
    "Q": -4.044804116661965,
    "R": -4.083025329482162,
    "S": -2.6679289774585655,
    "T": -2.1983197477446623,
    "U": -4.598189354846751,
    "V": -5.431098477781855,
    "W": -2.774341571067195,
    "X": -6.229606173999626,
    "Y": -3.5592963008802636,
    "Z": -6.34738920965601,
    "_": -8.426830751335846
  },
  "!": {
    " ": -0.05715841383994835,
    "/": -2.8903717578961645
  },
  "$": {
    " ": 0
  },
  "\u0026": {
    " ": -0.6931471805599453,
    "P": -0.6931471805599453
  },
  "'": {
    " ": -3.3219480100080148,
    "A": -2.8699628862649575,
    "D": -3.1884166173834925,
    "E": -3.8815637979434374,
    "I": -4.574710978503383,
    "L": -2.323419179896888,
    "M": -2.6288008294480694,
    "O": -3.8815637979434374,
    "P": -5.267858159063328,
    "R": -3.1884166173834925,
    "S": -1.3558351536351823,
    "T": -1.578978704949392,
    "V": -2.1323639431341785,
    "Y": -4.169245870395219
  },
  "(": {
    " ": 0
  },
  ")": {
    " ": 0
  },
  "+": {
    " ": 0
  },
  ",": {
    " ": 0
  },
  "-": {
    " ": -2.5745188084776873,
    "'": -4.653960350157523,
    "-": -1.0163741904311374,
    "A": -3.2676659890376323,
    "B": -2.7080502011022096,
    "C": -3.5553480614894135,
    "D": -3.5553480614894135,
    "E": -4.653960350157523,
    "F": -3.9608131695975777,
    "G": -4.653960350157523,
    "H": -3.9608131695975777,
    "I": -3.0445224377234226,
    "J": -3.9608131695975777,
    "L": -3.5553480614894135,
    "M": -2.862200880929468,
    "N": -4.653960350157523,
    "O": -3.9608131695975777,
    "P": -2.862200880929468,
    "S": -3.9608131695975777,
    "T": -3.2676659890376323,
    "W": -3.5553480614894135,
    "Y": -4.653960350157523
  },
  ".": {
    " ": 0
  },
  "/": {
    " ": -1.0986122886681096,
    "I": -0.4054651081081643
  },
  "0": {
    " ": 0
  },
  "1": {
    " ": 0
  },
  "2": {
    " ": 0
  },
  "3": {
    " ": -0.2231435513142097,
    "1": -1.6094379124341003
  },
  "4": {
    " ": 0
  },
  "5": {
    " ": 0
  },
  "6": {
    " ": -1.0986122886681096,
    "3": -0.4054651081081643
  },
  "7": {
    " ": -0.6931471805599453,
    "3": -0.6931471805599453
  },
  "8": {
    " ": -0.5596157879354227,
    "8": -1.9459101490553132,
    "C": -1.252762968495368
  },
  "9": {
    " ": 0
  },
  ":": {
    " ": 0
  },
  ";": {
    " ": 0
  },
  "=": {
    " ": 0
  },
  "?": {
    " ": 0
  },
  "@": {
    " ": 0
  },
  "A": {
    " ": -2.346846421692466,
    "!": -7.266827347520591,
    ",": -5.475067878292537,
    "-": -6.573680166960646,
    ".": -5.8805329864007,
    "A": -7.266827347520591,
    "B": -3.970990481516262,
    "C": -3.5291577292372227,
    "D": -2.9101185208309994,
    "E": -6.573680166960646,
    "F": -3.7114792860311776,
    "G": -4.376455589624427,
    "I": -2.4793356047385453,
    "K": -3.899531517534117,
    "L": -2.812480051267084,
    "M": -3.9346228373453873,
    "N": -1.6573555523356314,
    "P": -4.088773517172646,
    "R": -2.496142723054926,
    "S": -2.584696120396371,
    "T": -2.2561920534243356,
    "U": -5.069602770184371,
    "V": -3.5056272318270287,
    "W": -3.48263771360233,
    "X": -5.8805329864007,
    "Y": -3.5056272318270287
  },
  "B": {
    " ": -3.132144129043868,
    ",": -5.697093486505405,
    "-": -5.697093486505405,
    "4": -5.003946305945459,
    "A": -2.4389969484839225,
    "B": -5.697093486505405,
    "C": -3.751183337450091,
    "E": -1.1972838161751396,
    "F": -4.310799125385514,
    "I": -3.617651944825569,
    "J": -5.003946305945459,
    "K": -4.310799125385514,
    "L": -2.80672172860924,
    "N": -5.697093486505405,
    "O": -2.478217661637204,
    "R": -1.9835214198010966,
    "S": -4.598481197837295,
    "T": -4.087655574071304,
    "U": -2.295896104843249,
    "Y": -2.9245047642656234
  },
  "C": {
    " ": -2.321453577298428,
    "A": -2.107879477000369,
    "C": -3.49417383812026,
    "D": -6.059123195581797,
    "E": -2.127297562857471,
    "F": -4.672828834461906,
    "H": -1.8694684535553714,
    "I": -3.3510729944795865,
    "K": -2.297923079888234,
    "L": -2.6251359910966503,
    "N": -4.672828834461906,
    "O": -1.915988469190264,
    "Q": -5.365976015021851,
    "R": -4.449685283147696,
    "S": -6.059123195581797,
    "T": -3.3510729944795865,
    "U": -3.7565381025877507,
    "V": -6.059123195581797,
    "W": -6.059123195581797,
    "X": -5.365976015021851,
    "Y": -4.267363726353741
  },
  "D": {
    " ": -0.6109090823229728,
    "'": -5.634789603169249,
    ",": -2.995732273553991,
    "-": -4.53617731450114,
    ".": -3.299414687352213,
    ";": -5.3471075307174685,
    "A": -3.960813169597578,
    "B": -6.733401891837359,
    "C": -5.634789603169249,
    "D": -4.787491742782046,
    "E": -2.639057329615259,
    "F": -6.733401891837359,
    "G": -5.123963979403259,
    "I": -2.883254290127301,
    "K": -6.733401891837359,
    "L": -4.168452534375822,
    "M": -5.3471075307174685,
    "N": -4.2484952420493585,
    "O": -2.972201776143797,
    "R": -4.2484952420493585,
    "S": -2.8015762591130335,
    "U": -5.634789603169249,
    "V": -5.634789603169249,
    "W": -6.733401891837359,
    "X": -5.123963979403259,
    "Y": -4.787491742782046
  },
  "E": {
    " ": -1.1320385812272358,
    "!": -6.155919102073512,
    "'": -4.6518417052972385,
    ",": -3.7810133474998406,
    "-": -5.59630331413809,
    ".": -3.8533340090794668,
    ";": -6.849066282633458,
    "?": -5.144318190395032,
    "A": -3.0313539566765533,
    "B": -6.443601174525293,
    "C": -4.246376597189074,
    "D": -2.366063730619574,
    "E": -3.713572066704308,
    "F": -4.546481189639412,
    "G": -5.462771921513568,
    "H": -5.9327755507593025,
    "I": -5.9327755507593025,
    "J": -7.542213463193403,
    "K": -5.9327755507593025,
    "L": -3.1855046365038113,
    "M": -3.224725349657093,
    "N": -2.698026376734812,
    "O": -4.709000119137187,
    "P": -4.406719247264253,
    "Q": -6.155919102073512,
    "R": -2.229007484151616,
    "S": -3.160186828519522,
    "T": -3.534880277960932,
    "U": -7.542213463193403,
    "V": -4.141016081531248,
    "W": -4.49769102546998,
    "X": -4.834163262091193,
    "Y": -3.9868654017039895,
    "Z": -7.542213463193403
  },
  "F": {
    " ": -1.4275656928752953,
    ",": -4.3067641501733345,
    "-": -5.916202062607435,
    ".": -3.8367605209275992,
    "A": -2.658105524585953,
    "C": -3.9702919135521215,
    "D": -4.529907701487544,
    "E": -2.332683124151325,
    "F": -2.871679624884012,
    "I": -2.658105524585953,
    "L": -4.817589773939325,
    "M": -4.12444259337938,
    "O": -1.6820955580101753,
    "R": -3.277144732992176,
    "S": -4.12444259337938,
    "T": -2.4504661598077084,
    "U": -3.0258303047112705
  },
  "G": {
    " ": -1.1463436914892995,